Include On Export,Export Containing Keywords,Export Synonyms,Person Type Keyword,
Y,Y,Y,N,agapostemon
Y,Y,Y,N,Amorpha fruiticosa
Y,Y,Y,N,Anartia jatrophae
Y,Y,Y,N,anatomy
Y,Y,Y,N,Andrena wilkella
Y,Y,Y,N,animal
Y,Y,Y,N,annual
Y,Y,Y,N,aquatic
Y,Y,Y,N,background
Y,Y,Y,N,badge
Y,Y,Y,N,bait
Y,Y,Y,N,bass
Y,Y,Y,N,Bee
Y,Y,Y,N,bee mimic
Y,Y,Y,N,beebalm
Y,Y,Y,N,Bejaria racemosa
Y,Y,Y,N,berlandiera subacaulis
Y,Y,Y,N,black
Y,Y,Y,N,bone
Y,Y,Y,N,butterfly
Y,Y,Y,N,camp
Y,Y,Y,N,camping
Y,Y,Y,N,Campsomeris plumipes fossulana
Y,Y,Y,N,cassia
Y,Y,Y,N,catch
Y,Y,Y,N,catfish
Y,Y,Y,N,chameacrista fasiculata
Y,Y,Y,N,championship
Y,Y,Y,N,classic
Y,Y,Y,N,cloudless sulpher
Y,Y,Y,N,Conradina canescens
Y,Y,Y,N,coreopsis
Y,Y,Y,N,dead
Y,Y,Y,N,death
Y,Y,Y,N,deciduous
Y,Y,Y,N,edible plants
Y,Y,Y,N,egg
Y,Y,Y,N,Elephantopus elatus
Y,Y,Y,N,Elephants foot
Y,Y,Y,N,emblem
Y,Y,Y,N,fall bloom
Y,Y,Y,N,fin
Y,Y,Y,N,firebush
Y,Y,Y,N,fish
Y,Y,Y,N,fishbone
Y,Y,Y,N,fishing
Y,Y,Y,N,flatwoods plum
Y,Y,Y,N,Florida native
Y,Y,Y,N,flower
Y,Y,Y,N,Flower arrangement
Y,Y,Y,N,flower habit
Y,Y,Y,N,food
Y,Y,Y,N,fragrant chocolate flower
Y,Y,Y,N,freshwater
Y,Y,Y,N,fruit
Y,Y,Y,N,gaillardia pulchella
Y,Y,Y,N,groundcover
Y,Y,Y,N,Gulf fritillary
Y,Y,Y,N,hamelia patens
Y,Y,Y,N,head
Y,Y,Y,N,Helenium
Y,Y,Y,N,helianthus debilis
Y,Y,Y,N,heliotropium angiospermum
Y,Y,Y,N,honeybee
Y,Y,Y,N,hook
Y,Y,Y,N,hunting
Y,Y,Y,N,ilex vomitoria
Y,Y,Y,N,illustration
Y,Y,Y,N,image
Y,Y,Y,N,Indigo
Y,Y,Y,N,isolated
Y,Y,Y,N,jump
Y,Y,Y,N,Lady bugs
Y,Y,Y,N,lake
Y,Y,Y,N,large
Y,Y,Y,N,largemouth
Y,Y,Y,N,larval host
Y,Y,Y,N,life
Y,Y,Y,N,lure
Y,Y,Y,N,Macro
Y,Y,Y,N,marine
Y,Y,Y,N,monarda punctata
Y,Y,Y,N,Native bee
Y,Y,Y,N,nature
Y,Y,Y,N,nectar host
Y,Y,Y,N,object
Y,Y,Y,N,parasitic wasp
Y,Y,Y,N,Partridge pea
Y,Y,Y,N,passiflora suberosa
Y,Y,Y,N,passion vine
Y,Y,Y,N,perch
Y,Y,Y,N,perennial
Y,Y,Y,N,perennial groundcover
Y,Y,Y,N,perennial shrub
Y,Y,Y,N,Phoebis sennae
Y,Y,Y,N,pike
Y,Y,Y,N,pollen
Y,Y,Y,N,pollinator
Y,Y,Y,N,pollinator attractor
Y,Y,Y,N,pond
Y,Y,Y,N,Prunus umbellata
Y,Y,Y,N,purple
Y,Y,Y,N,purple flower
Y,Y,Y,N,recreation
Y,Y,Y,N,red
Y,Y,Y,N,retro
Y,Y,Y,N,river
Y,Y,Y,N,Ruellia
Y,Y,Y,N,salmon
Y,Y,Y,N,Sanddune sunflower
Y,Y,Y,N,sandhill
Y,Y,Y,N,Scorpiontail
Y,Y,Y,N,scrub
Y,Y,Y,N,sea
Y,Y,Y,N,seafood
Y,Y,Y,N,season
Y,Y,Y,N,Senna ligustrina
Y,Y,Y,N,Shrub
Y,Y,Y,N,silhouette
Y,Y,Y,N,skeleton
Y,Y,Y,N,skull
Y,Y,Y,N,Small shrub
Y,Y,Y,N,small tree
Y,Y,Y,N,spider
Y,Y,Y,N,spine
Y,Y,Y,N,splash
Y,Y,Y,N,sport
Y,Y,Y,N,spring blooming
Y,Y,Y,N,summer bloom
Y,Y,Y,N,summer perennial
Y,Y,Y,N,swimming
Y,Y,Y,N,tail
Y,Y,Y,N,tarflower
Y,Y,Y,N,Thiania
Y,Y,Y,N,tournament
Y,Y,Y,N,tradescantia ohiensis
Y,Y,Y,N,tree
Y,Y,Y,N,trophy
Y,Y,Y,N,tuber root
Y,Y,Y,N,vacation
Y,Y,Y,N,vector
Y,Y,Y,N,verbena
Y,Y,Y,N,vertebra
Y,Y,Y,N,vintage
Y,Y,Y,N,walleye
Y,Y,Y,N,water
Y,Y,Y,N,website
Y,Y,Y,N,white
Y,Y,Y,N,White bloom
Y,Y,Y,N,white flower
Y,Y,Y,N,White Peacock
Y,Y,Y,N,wild
Y,Y,Y,N,wildflower
Y,Y,Y,N,wildlife
Y,Y,Y,N,Yaupon holly
Y,Y,Y,N,yellow flower
Y,Y,Y,N,yellow wildflower
